3431266431	Entry -> Base Layer.a8
4125258545	Base Layer.a8 0 -> Base Layer.a8
3854868150	Base Layer.bf 0 -> Base Layer.bf
1712527706	Base Layer.bf 0
780415379	Base Layer.ax -> Base Layer.ax 0
1675735319	ax
2105523844	GravityWeight
4089259496	ax 0 -> ax
3727888687	Entry -> Base Layer.aa
1803212623	Entry -> Base Layer.bf
30875514	AnyState -> bf
1911136305	Base Layer.aa 0
356380807	a8
3066466999	Base Layer.ax 0 -> Base Layer.ax
2913626536	bf 0 -> bf
1006366556	a8 0
2999181239	bf
1332495112	bf 0
1542678399	a8 0 -> a8
3505746394	AnyState -> ax
0	
1204339827	aa -> aa 0
3030309146	AnyState -> aa
23966416	Loop
1646147790	Base Layer.ax 0
3747916754	bf -> bf 0
2787717194	AnyState -> a8
1415358630	ax -> ax 0
4199818849	a8 -> a8 0
621408189	Base Layer.aa -> Base Layer.aa 0
1810242629	Base Layer.a8 -> Base Layer.a8 0
1283239858	Base Layer.ax
983625250	Base Layer.a8
3126376943	Entry -> Base Layer.ax
310686990	Base Layer.a8 0
2640232722	Base Layer.bf
1486289507	aa 0
756556552	Base Layer
1264673436	ax 0
2829677222	Base Layer.bf -> Base Layer.bf 0
126491095	aa
2545252610	aa 0 -> aa
672597874	Base Layer.aa
3403119782	Base Layer.aa 0 -> Base Layer.aa
